{
  "web/postcss.config.mjs": 1776528877.5780032,
  "web/next-env.d.ts": 1777225111.5829232,
  "web/playwright.config.ts": 1776871088.1969943,
  "web/eslint.config.mjs": 1776871088.1953757,
  "web/next.config.ts": 1777240776.7539358,
  "web/smoke/specs/calendar-smoke.spec.ts": 1776871088.1983404,
  "web/smoke/specs/chat-multi-turn-smoke.spec.ts": 1776871088.1984944,
  "web/smoke/specs/a11y.spec.ts": 1777055859.9167428,
  "web/smoke/specs/security-headers.spec.ts": 1777240776.7543275,
  "web/smoke/specs/calendar-mutate-smoke.spec.ts": 1776871088.1981785,
  "web/smoke/specs/login-signup-smoke.spec.ts": 1777054513.586227,
  "web/smoke/specs/tool-status-feedback.spec.ts": 1777227368.0013745,
  "web/smoke/specs/gate-b.spec.ts": 1776871088.1988351,
  "web/smoke/specs/export.spec.ts": 1777047951.8407977,
  "web/smoke/specs/chat.spec.ts": 1776871088.198661,
  "web/smoke/specs/dashboard-hydration.spec.ts": 1777240776.7541878,
  "web/smoke/utils/supabase-verify.ts": 1776871088.199061,
  "web/smoke/fixtures/auth.ts": 1776871088.1976707,
  "web/public/sw.js": 1776871088.1972167,
  "web/scripts/generate-pwa-icons.mjs": 1776871088.1974986,
  "web/src/proxy.ts": 1777240776.7553527,
  "web/src/app/layout.tsx": 1777240776.7545638,
  "web/src/app/error.tsx": 1776871088.2087348,
  "web/src/app/auth/callback/route.ts": 1777066568.292716,
  "web/src/app/admin/layout.tsx": 1777066568.292067,
  "web/src/app/admin/page.tsx": 1777238695.6877582,
  "web/src/app/admin/tenants/[userId]/page.tsx": 1777238695.6879308,
  "web/src/app/(protected)/layout.tsx": 1776871088.2002175,
  "web/src/app/(protected)/error.tsx": 1776447991.5584445,
  "web/src/app/(protected)/page.tsx": 1776447991.5618804,
  "web/src/app/(protected)/journal/loading.tsx": 1776447991.5597663,
  "web/src/app/(protected)/journal/page.tsx": 1777238350.3261669,
  "web/src/app/(protected)/settings/loading.tsx": 1776447991.5620072,
  "web/src/app/(protected)/settings/page.tsx": 1777223871.138474,
  "web/src/app/(protected)/tasks/loading.tsx": 1776447991.5628114,
  "web/src/app/(protected)/tasks/page.tsx": 1777238350.3262796,
  "web/src/app/(protected)/calendar/page.tsx": 1776809228.1966352,
  "web/src/app/(protected)/chat/loading.tsx": 1776871088.1992676,
  "web/src/app/(protected)/chat/page.tsx": 1776703214.2958658,
  "web/src/app/(protected)/habits/loading.tsx": 1776447991.5591626,
  "web/src/app/(protected)/habits/page.tsx": 1776882160.7812831,
  "web/src/app/(protected)/dashboard/loading.tsx": 1776447991.5579228,
  "web/src/app/(protected)/dashboard/page.tsx": 1776979460.3637686,
  "web/src/app/(protected)/meals/FoodPhotoAnalyzer.tsx": 1776871088.200512,
  "web/src/app/(protected)/meals/loading.tsx": 1776447991.561026,
  "web/src/app/(protected)/meals/InlineMealChat.tsx": 1776871088.2007542,
  "web/src/app/(protected)/meals/page.tsx": 1776882160.7814546,
  "web/src/app/(protected)/fitness/loading.tsx": 1776447991.5585792,
  "web/src/app/(protected)/fitness/page.tsx": 1776979460.3638892,
  "web/src/app/(protected)/weekly/loading.tsx": 1776447991.5637343,
  "web/src/app/(protected)/weekly/page.tsx": 1776979460.36401,
  "web/src/app/(protected)/notifications/loading.tsx": 1776871088.2011707,
  "web/src/app/(protected)/notifications/page.tsx": 1776882160.7816312,
  "web/src/app/(protected)/onboarding/page.tsx": 1777134270.472386,
  "web/src/app/api/exercise-prs/backfill/route.ts": 1776871088.204437,
  "web/src/app/api/strength-sessions/route.ts": 1776871088.2079885,
  "web/src/app/api/chat/route.ts": 1777301751.0633297,
  "web/src/app/api/chat/sessions/route.ts": 1776871088.2038,
  "web/src/app/api/chat/sessions/[id]/route.ts": 1776871088.2036388,
  "web/src/app/api/chat/sessions/[id]/restore/route.ts": 1776871088.2033825,
  "web/src/app/api/auth/google/start/route.ts": 1776871088.202765,
  "web/src/app/api/auth/google/callback/route.ts": 1776871088.2025774,
  "web/src/app/api/auth/fitbit/start/route.ts": 1776797062.633114,
  "web/src/app/api/auth/fitbit/callback/route.ts": 1776871088.2023156,
  "web/src/app/api/google/calendar/route.ts": 1776871088.205161,
  "web/src/app/api/google/calendar/upcoming-birthday/route.ts": 1776871088.2054067,
  "web/src/app/api/google/calendar/events/route.ts": 1776871088.2048042,
  "web/src/app/api/google/calendar/events/[eventId]/route.ts": 1776871088.2046523,
  "web/src/app/api/google/calendar/range/route.ts": 1776871088.2049766,
  "web/src/app/api/google/gmail/route.ts": 1776871088.2056193,
  "web/src/app/api/usage/storage/route.ts": 1777052039.6467159,
  "web/src/app/api/stocks/validate/route.ts": 1777223154.9625766,
  "web/src/app/api/stocks/refresh/route.ts": 1776871088.2075958,
  "web/src/app/api/workout-plans/backfill-descriptions/route.ts": 1776871088.2083745,
  "web/src/app/api/sports/refresh/route.ts": 1776871088.2072217,
  "web/src/app/api/sports/search/route.ts": 1776871088.2074199,
  "web/src/app/api/packages/route.ts": 1776978178.4562232,
  "web/src/app/api/meals/suggest/route.ts": 1776871088.2067099,
  "web/src/app/api/meals/estimate-macros/route.ts": 1776871088.206066,
  "web/src/app/api/meals/scan-chat/route.ts": 1776871088.2064803,
  "web/src/app/api/meals/today-totals/route.ts": 1776871088.20686,
  "web/src/app/api/meals/analyze-photo/route.ts": 1776871088.2058356,
  "web/src/app/api/meals/log/route.ts": 1776871088.2062857,
  "web/src/app/api/weather/route.ts": 1776871088.2081795,
  "web/src/app/api/quota/route.ts": 1777063881.5229414,
  "web/src/app/api/sync/googlefit/route.ts": 1776723852.9129646,
  "web/src/app/api/sync/fitbit/route.ts": 1776797062.6332316,
  "web/src/app/api/sync/oura/route.ts": 1776797062.63334,
  "web/src/app/api/sync/packages/route.ts": 1776978178.4563568,
  "web/src/app/api/export/route.ts": 1777047951.841293,
  "web/src/app/api/notifications/push/route.ts": 1776793896.7663693,
  "web/src/app/api/notifications/unread-count/route.ts": 1776871088.2070541,
  "web/src/app/api/cron/reset-demo/route.ts": 1777299503.8643913,
  "web/src/app/api/cron/sync/route.ts": 1776978178.4559953,
  "web/src/app/login/layout.tsx": 1776447991.5731106,
  "web/src/app/login/page.tsx": 1777066728.4658532,
  "web/src/components/theme-provider.tsx": 1777240776.7551277,
  "web/src/components/nav.tsx": 1777063629.435622,
  "web/src/components/service-worker-register.tsx": 1776871088.2178326,
  "web/src/components/theme-toggle.tsx": 1777046407.828489,
  "web/src/components/journal/journal-tabs.tsx": 1776871088.2168245,
  "web/src/components/journal/journal-history.tsx": 1776871088.2166176,
  "web/src/components/journal/journal-editor.tsx": 1776871088.2164776,
  "web/src/components/ui/ambient-background.tsx": 1776871088.2196596,
  "web/src/components/ui/sheet.tsx": 1776447991.5854833,
  "web/src/components/ui/metric-card.tsx": 1776871088.2198205,
  "web/src/components/ui/sign-out-button.tsx": 1776871088.2199645,
  "web/src/components/ui/window-selector.tsx": 1776871088.2202425,
  "web/src/components/ui/logo.tsx": 1776447991.584917,
  "web/src/components/ui/undo-toast.tsx": 1776871088.2200944,
  "web/src/components/ui/skeleton.tsx": 1776447991.5857759,
  "web/src/components/settings/appearance-settings.tsx": 1776882160.7824306,
  "web/src/components/settings/fitness-settings.tsx": 1777223871.1400566,
  "web/src/components/settings/equipment-settings.tsx": 1776871088.2181458,
  "web/src/components/settings/sports-settings.tsx": 1776871088.2188296,
  "web/src/components/settings/profile-form.tsx": 1777070897.9572423,
  "web/src/components/settings/data-settings.tsx": 1777047951.8415098,
  "web/src/components/settings/watchlist-settings.tsx": 1776871088.2190433,
  "web/src/components/settings/integrations-settings.tsx": 1776882160.7827184,
  "web/src/components/settings/usage-settings.tsx": 1777052039.647033,
  "web/src/components/settings/settings-tabs.tsx": 1777240776.755027,
  "web/src/components/tasks/task-item.tsx": 1776871088.2193904,
  "web/src/components/tasks/completed-tasks.tsx": 1776447991.584375,
  "web/src/components/tasks/add-task-form.tsx": 1776871088.219214,