{
  "web/postcss.config.mjs": 1776528877.5780032,
  "web/next-env.d.ts": 1776790206.265207,
  "web/playwright.config.ts": 1776704840.2520611,
  "web/eslint.config.mjs": 1776704840.2513707,
  "web/next.config.ts": 1776447991.55548,
  "web/smoke/specs/calendar-smoke.spec.ts": 1776719088.1510735,
  "web/smoke/specs/chat-multi-turn-smoke.spec.ts": 1776723852.9127827,
  "web/smoke/specs/a11y.spec.ts": 1776708583.886889,
  "web/smoke/specs/calendar-mutate-smoke.spec.ts": 1776723852.9126942,
  "web/smoke/specs/gate-b.spec.ts": 1776726820.1871812,
  "web/smoke/specs/chat.spec.ts": 1776809228.1964796,
  "web/smoke/utils/supabase-verify.ts": 1776704840.2523508,
  "web/smoke/fixtures/auth.ts": 1776704840.2521582,
  "web/public/sw.js": 1776528877.5780993,
  "web/scripts/generate-pwa-icons.mjs": 1776447991.557154,
  "web/src/proxy.ts": 1776719413.337875,
  "web/src/app/layout.tsx": 1776447991.5729709,
  "web/src/app/error.tsx": 1776447991.571154,
  "web/src/app/auth/callback/route.ts": 1776447991.5710673,
  "web/src/app/(protected)/layout.tsx": 1776447991.5603826,
  "web/src/app/(protected)/error.tsx": 1776447991.5584445,
  "web/src/app/(protected)/page.tsx": 1776447991.5618804,
  "web/src/app/(protected)/journal/loading.tsx": 1776447991.5597663,
  "web/src/app/(protected)/journal/page.tsx": 1776447991.5600374,
  "web/src/app/(protected)/settings/loading.tsx": 1776447991.5620072,
  "web/src/app/(protected)/settings/page.tsx": 1776797062.6328218,
  "web/src/app/(protected)/tasks/loading.tsx": 1776447991.5628114,
  "web/src/app/(protected)/tasks/page.tsx": 1776447991.5633318,
  "web/src/app/(protected)/calendar/page.tsx": 1776809228.1966352,
  "web/src/app/(protected)/chat/loading.tsx": 1776447991.5575914,
  "web/src/app/(protected)/chat/page.tsx": 1776703214.2958658,
  "web/src/app/(protected)/habits/loading.tsx": 1776447991.5591626,
  "web/src/app/(protected)/habits/page.tsx": 1776725226.5310826,
  "web/src/app/(protected)/dashboard/loading.tsx": 1776447991.5579228,
  "web/src/app/(protected)/dashboard/page.tsx": 1776528877.5782504,
  "web/src/app/(protected)/meals/FoodPhotoAnalyzer.tsx": 1776448048.1338282,
  "web/src/app/(protected)/meals/loading.tsx": 1776447991.561026,
  "web/src/app/(protected)/meals/InlineMealChat.tsx": 1776447991.5608604,
  "web/src/app/(protected)/meals/page.tsx": 1776543012.2450328,
  "web/src/app/(protected)/fitness/loading.tsx": 1776447991.5585792,
  "web/src/app/(protected)/fitness/page.tsx": 1776793896.7646697,
  "web/src/app/(protected)/weekly/loading.tsx": 1776447991.5637343,
  "web/src/app/(protected)/weekly/page.tsx": 1776447991.5641217,
  "web/src/app/(protected)/notifications/loading.tsx": 1776447991.5614197,
  "web/src/app/(protected)/notifications/page.tsx": 1776543012.2452016,
  "web/src/app/api/exercise-prs/backfill/route.ts": 1776791304.281844,
  "web/src/app/api/strength-sessions/route.ts": 1776791304.2819822,
  "web/src/app/api/chat/route.ts": 1776793896.766102,
  "web/src/app/api/chat/sessions/route.ts": 1776447991.5649507,
  "web/src/app/api/chat/sessions/[id]/route.ts": 1776703214.2964709,
  "web/src/app/api/chat/sessions/[id]/restore/route.ts": 1776447991.5648124,
  "web/src/app/api/auth/google/start/route.ts": 1776719088.151394,
  "web/src/app/api/auth/google/callback/route.ts": 1776719088.1513138,
  "web/src/app/api/auth/fitbit/start/route.ts": 1776797062.633114,
  "web/src/app/api/auth/fitbit/callback/route.ts": 1776797062.6329947,
  "web/src/app/api/google/calendar/route.ts": 1776719088.1514926,
  "web/src/app/api/google/calendar/upcoming-birthday/route.ts": 1776719088.1515863,
  "web/src/app/api/google/calendar/events/route.ts": 1776809228.1970553,
  "web/src/app/api/google/calendar/events/[eventId]/route.ts": 1776809228.196977,
  "web/src/app/api/google/calendar/range/route.ts": 1776809228.197207,
  "web/src/app/api/google/gmail/route.ts": 1776719088.151673,
  "web/src/app/api/stocks/validate/route.ts": 1776447991.567074,
  "web/src/app/api/stocks/refresh/route.ts": 1776447991.5669897,
  "web/src/app/api/workout-plans/backfill-descriptions/route.ts": 1776793896.7666554,
  "web/src/app/api/sports/refresh/route.ts": 1776447991.5668058,
  "web/src/app/api/sports/search/route.ts": 1776447991.566891,
  "web/src/app/api/meals/suggest/route.ts": 1776787029.4900336,
  "web/src/app/api/meals/estimate-macros/route.ts": 1776787029.4898813,
  "web/src/app/api/meals/scan-chat/route.ts": 1776475827.6719177,
  "web/src/app/api/meals/today-totals/route.ts": 1776447991.5665686,
  "web/src/app/api/meals/analyze-photo/route.ts": 1776787029.4897342,
  "web/src/app/api/meals/log/route.ts": 1776473089.5302327,
  "web/src/app/api/weather/route.ts": 1776723852.9132953,
  "web/src/app/api/sync/googlefit/route.ts": 1776723852.9129646,
  "web/src/app/api/sync/fitbit/route.ts": 1776797062.6332316,
  "web/src/app/api/sync/oura/route.ts": 1776797062.63334,
  "web/src/app/api/notifications/push/route.ts": 1776793896.7663693,
  "web/src/app/api/notifications/unread-count/route.ts": 1776447991.5666814,
  "web/src/app/api/cron/reset-demo/route.ts": 1776450232.0247836,
  "web/src/app/api/cron/sync/route.ts": 1776809228.196818,
  "web/src/app/login/layout.tsx": 1776447991.5731106,
  "web/src/app/login/page.tsx": 1776447991.57467,
  "web/src/components/theme-provider.tsx": 1776447991.584649,
  "web/src/components/nav.tsx": 1776809228.198226,
  "web/src/components/service-worker-register.tsx": 1776447991.5829024,
  "web/src/components/theme-toggle.tsx": 1776448048.1343868,
  "web/src/components/journal/journal-tabs.tsx": 1776726732.4612372,
  "web/src/components/journal/journal-history.tsx": 1776447991.5814342,
  "web/src/components/journal/journal-editor.tsx": 1776726741.5320036,
  "web/src/components/ui/ambient-background.tsx": 1776361226.8728209,
  "web/src/components/ui/sheet.tsx": 1776447991.5854833,
  "web/src/components/ui/metric-card.tsx": 1776448048.1344879,
  "web/src/components/ui/sign-out-button.tsx": 1776448048.1345735,
  "web/src/components/ui/window-selector.tsx": 1776543012.2461705,
  "web/src/components/ui/logo.tsx": 1776447991.584917,
  "web/src/components/ui/undo-toast.tsx": 1776447991.5858455,
  "web/src/components/ui/skeleton.tsx": 1776447991.5857759,
  "web/src/components/settings/appearance-settings.tsx": 1776543012.2459717,
  "web/src/components/settings/fitness-settings.tsx": 1776793896.7679474,
  "web/src/components/settings/equipment-settings.tsx": 1776795230.425812,
  "web/src/components/settings/sports-settings.tsx": 1776543012.2460778,
  "web/src/components/settings/profile-form.tsx": 1776447991.5834596,
  "web/src/components/settings/watchlist-settings.tsx": 1776447991.5838342,
  "web/src/components/settings/integrations-settings.tsx": 1776797062.6334984,
  "web/src/components/tasks/task-item.tsx": 1776795230.425949,
  "web/src/components/tasks/completed-tasks.tsx": 1776447991.584375,
  "web/src/components/tasks/add-task-form.tsx": 1776708583.8873882,
  "web/src/components/calendar/event-modal.tsx": 1776809228.1977987,
  "web/src/components/calendar/week-view.tsx": 1776809228.1980891,
  "web/src/components/calendar/month-view.tsx": 1776809228.1979394,
  "web/src/components/calendar/calendar-view.tsx": 1776809228.1974087,
  "web/src/components/calendar/event-detail-dialog.tsx": 1776809228.197567,
  "web/src/components/chat/chat-interface.tsx": 1776708583.8870203,
  "web/src/components/chat/message-bubble.tsx": 1776475827.672737,
  "web/src/components/chat/session-sheet.tsx": 1776447991.5756552,
  "web/src/components/chat/slash-command-menu.tsx": 1776447991.5761487,
  "web/src/components/chat/chat-page-client.tsx": 1776703214.2969038,
  "web/src/components/chat/session-sidebar.tsx": 1776447991.575882,
  "web/src/components/chat/tool-status-bar.tsx": 1776543913.8899798,
  "web/src/components/habits/habit-today-section.tsx": 1776447991.5803795,
  "web/src/components/habits/habit-history.tsx": 1776447991.5796797,
  "web/src/components/habits/radial-completion.tsx": 1776447991.581028,